method,mean_tps,std_tps,median_tps,mean_accept,target_calls,drafter_calls,speedup
greedy,48.059795662151096,2.4909204582476163,49.444686239977194,1.0,256.0,0.0,1.0
spec_k8,7.704555805820928,0.6673922635852914,7.68142982128686,0.4547688106253096,1905.0,211.66666666666666,0.16031187190187238
enhanced_full,19.946100617429522,2.974990500719645,19.868920072367388,4.0565288839550435,113.83333333333333,65.16666666666667,0.41502674621519103
enhanced_no_tree,19.517016226503895,2.8595715361487666,18.93978403178073,4.0565288839550435,113.83333333333333,65.16666666666667,0.4060986102334655
enhanced_no_cascade,21.033879905653233,3.408508924739649,21.692387547396322,4.5695417384683825,105.25,61.166666666666664,0.4376606187324722
